"cik","latest_ticker","latest_company_name","latest_year_for_cik","min_income_in_window","net_income_latest","net_income_5_ago","positive_fcf_years_count"
1750,AIR,AAR CORP,2024,4400000.0000,78700000.0000,15600000.0000,4
1800,ABT,Abbott Laboratories,2024,2368000000.0000,6933000000.0000,2368000000.0000,5
2098,ACU,Acme United Corporation,2024,3034766.0000,17793160.0000,5513608.0000,3
2488,AMD,ADVANCED MICRO DEVICES INC,2024,337000000.0000,1320000000.0000,337000000.0000,4
4127,SWKS,"Skyworks Solutions, Inc.",2024,814800000.0000,1275200000.0000,918400000.0000,5
5513,UNMA,Unum Group,2024,523400000.0000,1407200000.0000,523400000.0000,5
6281,ADI,"Analog Devices, Inc.",2024,1220761000.0000,2748561000.0000,1506980000.0000,5
6951,AMAT,APPLIED MATERIALS INC /DE,2024,2706000000.0000,6525000000.0000,3038000000.0000,5
8818,AVY,AVERY DENNISON CORPORATION,2024,303600000.0000,757100000.0000,467400000.0000,5
9092,BMI,"BADGER METER, INC.",2024,27790000.0000,66496000.0000,27790000.0000,5
9326,BCPC,Balchem Corporation,2024,78573000.0000,105367000.0000,78573000.0000,3
14693,BF-B,Brown-Forman Corporation,2024,717000000.0000,838000000.0000,717000000.0000,5
15847,BUKS,BUTLER NATIONAL CORP,2024,1433000.0000,4516000.0000,3853000.0000,5
16732,CPB,THE CAMPBELL'S COMPANY,2024,211000000.0000,757000000.0000,261000000.0000,5
16875,CP,CANADIAN PACIFIC KANSAS CITY LTD/CN,2024,1951000000.0000,3517000000.0000,1951000000.0000,5
18349,SNV-PE,SYNOVUS FINANCIAL CORP,2024,373695000.0000,757902000.0000,428476000.0000,4
19584,CHE,CHEMED CORPORATION,2024,205544000.0000,249624000.0000,205544000.0000,5
21344,KO,COCA COLA CO,2024,6434000000.0000,9542000000.0000,6434000000.0000,5
22444,CMC,COMMERCIAL METALS COMPANY,2024,138506000.0000,1217262000.0000,138506000.0000,3
29002,DIOD,DIODES INC /DEL/,2024,98088000.0000,331283000.0000,104021000.0000,5
29905,DOV,Dover Corporation,2024,570267000.0000,1065376000.0000,570267000.0000,3
30305,DCO,DUCOMMUN INCORPORATED,2024,9035000.0000,28789000.0000,9035000.0000,4
31791,RVTY,"REVVITY, INC.",2024,227558000.0000,569179000.0000,237927000.0000,5
32604,EMR,Emerson Electric Co.,2024,1965000000.0000,3231000000.0000,2203000000.0000,5
33488,ESCA,"ESCALADE, INCORPORATED",2024,241000.0000,9829000.0000,241000.0000,3
33533,ESP,ESPEY MFG & ELECTRONICS CORP.,2024,61671.0000,768266.0000,61671.0000,4
37808,FNB,FNB CORP/PA/,2024,286000000.0000,439000000.0000,373000000.0000,5
38725,FELE,"FRANKLIN ELECTRIC CO., INC.",2024,95483000.0000,187332000.0000,105877000.0000,5
38777,BEN,"FRANKLIN RESOURCES, INC.",2024,764400000.0000,1291900000.0000,764400000.0000,5
39263,CFR-PB,"Cullen/Frost Bankers, Inc.",2024,331151000.0000,579150000.0000,454918000.0000,5
39311,IBCP,INDEPENDENT BANK CORPORATION,2024,39839000.0000,63351000.0000,39839000.0000,5
39899,TGNA,TEGNA INC.,2024,286235000.0000,630469000.0000,405665000.0000,5
40704,GIS,"GENERAL MILLS, INC.",2024,1752700000.0000,2707300000.0000,2131000000.0000,5
42888,GGG,Graco Inc.,2024,330456000.0000,460645000.0000,341054000.0000,5
43196,GTN-A,"GRAY MEDIA, INC",2024,90000000.0000,455000000.0000,211000000.0000,5
46619,HEI-A,HEICO CORPORATION,2024,259233000.0000,351675000.0000,259233000.0000,5
47111,HSY,HERSHEY CO,2024,1149692000.0000,1644817000.0000,1177562000.0000,5
49071,HUM,Humana Inc.,2024,1683000000.0000,2806000000.0000,1683000000.0000,5
49196,HBANM,Huntington Bancshares Incorporated,2024,817000000.0000,2238000000.0000,1393000000.0000,5
50471,TRAK,"ReposiTrak, Inc.",2024,1593269.0000,5590289.0000,3902406.0000,5
50493,IMKTA,"INGLES MARKETS, INCORPORATED",2024,81580002.0000,272758928.0000,97364628.0000,5
51644,IPG,"INTERPUBLIC GROUP OF COMPANIES, INC.",2024,351100000.0000,938000000.0000,618900000.0000,5
52988,J,Jacobs Solutions Inc.,2024,163431000.0000,644039000.0000,163431000.0000,4
56679,KFY,KORN FERRY,2024,102651000.0000,326360000.0000,133779000.0000,5
56978,KLIC,KULICKE & SOFFA INDUSTRIES INC,2024,11653000.0000,433545000.0000,56676000.0000,5
57131,LZB,LA-Z-BOY INCORPORATED,2024,68574000.0000,150017000.0000,80866000.0000,5
60667,LOW,"LOWE’S COMPANIES, INC",2024,2314000000.0000,6437000000.0000,2314000000.0000,5
62709,MMC,"Marsh & McLennan Companies, Inc.",2024,1650000000.0000,3050000000.0000,1650000000.0000,5
65270,MEI,"METHODE ELECTRONICS, INC.",2024,57200000.0000,102200000.0000,57200000.0000,5
66570,MNESP,MSA SAFETY INCORPORATED,2024,21340000.0000,179630000.0000,124150000.0000,5
67887,MOG-B,MOOG Inc.,2024,9205000.0000,155177000.0000,95240000.0000,5
69633,NSSC,"NAPCO SECURITY TECHNOLOGIES, INC",2024,7795000.0000,19599000.0000,12223000.0000,5
71691,NYT,THE NEW YORK TIMES COMPANY,2024,100103000.0000,173905000.0000,125684000.0000,5
72205,NOBH,NOBILITY HOMES INC,2024,5398808.0000,10898864.0000,8810420.0000,4
72331,NDSN,NORDSON CORPORATION,2024,249539000.0000,513103000.0000,377375000.0000,5
73309,NUE,NUCOR CORP,2024,721470000.0000,7607000000.0000,2360767000.0000,5
74046,ODC,OIL-DRI CORPORATION OF AMERICA,2024,5674000.0000,29551000.0000,12611000.0000,3
75362,PCAR,PACCAR Inc,2024,1301200000.0000,3011600000.0000,2195100000.0000,5
75677,PKG,PACKAGING CORP OF AMERICA,2024,461000000.0000,1029800000.0000,738000000.0000,5
76334,PH,Parker-Hannifin Corp,2024,1060801000.0000,1315605000.0000,1060801000.0000,5
76605,PATK,"PATRICK INDUSTRIES, INC.",2024,89566000.0000,328196000.0000,119832000.0000,5
77360,PNR,Pentair plc,2024,347400000.0000,480900000.0000,347400000.0000,5
78003,PFE,PFIZER INC,2024,9159000000.0000,31372000000.0000,11153000000.0000,5
79282,BRO,"BROWN & BROWN, INC.",2024,344255000.0000,672000000.0000,344255000.0000,5
80035,PLPC,Preformed Line Products Company,2024,23303000.0000,54395000.0000,26581000.0000,3
80424,PG,PROCTER & GAMBLE CO,2024,3897000000.0000,14742000000.0000,9750000000.0000,5
82020,USLM,UNITED STATES LIME & MINERALS INC,2024,19685000.0000,45429000.0000,19685000.0000,4
82811,RRX,REGAL REXNORD CORPORATION,2024,187700000.0000,488900000.0000,231200000.0000,5
84112,RSKIA,"GEORGE RISK INDUSTRIES, INC.",2024,2104000.0000,4757000.0000,3598000.0000,5
84246,RLI,RLI CORP,2024,64179000.0000,583411000.0000,64179000.0000,5
84748,ROG,ROGERS CORP,2024,47319000.0000,116600000.0000,87651000.0000,5
90498,SFNC,SIMMONS FIRST NATIONAL CORP,2024,215713000.0000,256412000.0000,215713000.0000,5
93389,SMP,"Standard Motor Products, Inc.",2024,43003000.0000,55351000.0000,43003000.0000,4
93556,SWK,"STANLEY BLACK & DECKER, INC.",2024,605200000.0000,1062500000.0000,605200000.0000,4
94049,SCL,STEPAN COMPANY,2024,103129000.0000,147153000.0000,111117000.0000,3
95029,RGR,"STURM, RUGER & COMPANY, INC.",2024,32291000.0000,88332000.0000,50933000.0000,5
96536,TAYD,"Taylor Devices, Inc.",2024,1062895.0000,6287358.0000,2544525.0000,5
97134,TNC,TENNANT CO,2024,33400000.0000,66300000.0000,33400000.0000,4
97210,TER,"TERADYNE, INC",2024,451779000.0000,715501000.0000,451779000.0000,5
97476,TXN,TEXAS INSTRUMENTS INCORPORATED,2024,5017000000.0000,8749000000.0000,5580000000.0000,5
98362,TKR,TIMKEN CO,2024,284500000.0000,407400000.0000,302800000.0000,3
98677,TROLB,TOOTSIE ROLL INDUSTRIES INC,2024,56893000.0000,75937000.0000,56893000.0000,5
100885,UNP,UNION PACIFIC CORPORATION,2024,5349000000.0000,6998000000.0000,5966000000.0000,5
101382,UMBFP,UMB FINANCIAL CORP,2024,195513000.0000,431682000.0000,195513000.0000,5
103595,VLGEA,"VILLAGE SUPER MARKET, INC.",2024,19994000.0000,49716000.0000,25539000.0000,5
104169,WMT,Walmart Inc.,2025,6670000000.0000,11680000000.0000,6670000000.0000,5
105016,WSO-B,"WATSCO, INC.",2024,242932000.0000,601167000.0000,242932000.0000,5
105418,WMK,"WEIS MARKETS, INC",2024,62738000.0000,125196000.0000,62738000.0000,5
105770,WST,"WEST PHARMACEUTICAL SERVICES, INC.",2024,206900000.0000,585900000.0000,206900000.0000,5
107687,WGO,"WINNEBAGO INDUSTRIES, INC.",2024,61442000.0000,390600000.0000,102357000.0000,5
108516,WOR,"WORTHINGTON ENTERPRISES, INC",2024,78796000.0000,379386000.0000,194794000.0000,4
200406,JNJ,Johnson & Johnson,2024,14714000000.0000,17941000000.0000,15297000000.0000,5
202058,LHX,"L3HARRIS TECHNOLOGIES, INC.",2024,438000000.0000,1062000000.0000,699000000.0000,5
203596,WSBCP,WESBANCO INC,2024,122044000.0000,192113000.0000,143112000.0000,5
216085,HVT-A,"HAVERTY FURNITURE COMPANIES, INC",2024,21865000.0000,89358000.0000,30307000.0000,5
230557,SIGIP,"SELECTIVE INSURANCE GROUP, INC.",2024,178939000.0000,224886000.0000,178939000.0000,5
277135,GWW,"W.W. Grainger, Inc.",2024,695000000.0000,1547000000.0000,782000000.0000,5
277509,FSS,FEDERAL SIGNAL CORPORATION,2024,94000000.0000,120400000.0000,94000000.0000,5
277948,CSX,CSX CORPORATION,2024,2765000000.0000,4114000000.0000,3309000000.0000,5
278166,CVCO,CAVCO INDUSTRIES INC.,2024,61502000.0000,197699000.0000,61502000.0000,5
311094,WABC,WESTAMERICA BANCORPORATION,2024,16962000.0000,122034000.0000,17506000.0000,5
313616,DHR,DANAHER CORPORATION,2024,2651000000.0000,7209000000.0000,2651000000.0000,5
314489,BUSE,FIRST BUSEY CORPORATION,2024,98928000.0000,128311000.0000,98928000.0000,5
315189,DE,DEERE & CO,2024,2368000000.0000,7131000000.0000,2368000000.0000,5
315213,RHI,ROBERT HALF INC.,2024,306276000.0000,657919000.0000,434288000.0000,5
315709,IBOC,INTERNATIONAL BANCSHARES CORPORATION,2024,167319000.0000,300232000.0000,215931000.0000,5
316709,SCHW-PJ,SCHWAB CHARLES CORP,2024,3299000000.0000,7183000000.0000,3507000000.0000,5
318300,PEBO,PEOPLES BANCORP INC.,2024,34767000.0000,101292000.0000,46255000.0000,5
318673,SNFCA,SECURITY NATIONAL FINANCIAL CORPORATION,2024,10893519.0000,14495058.0000,10893519.0000,3
319201,KLAC,KLA CORP,2024,802265000.0000,3321807000.0000,802265000.0000,5
320187,NKE,"NIKE, Inc.",2024,1933000000.0000,6046000000.0000,1933000000.0000,5
320193,AAPL,Apple Inc.,2024,55256000000.0000,99803000000.0000,59531000000.0000,5
320335,GL-PD,GLOBE LIFE INC.,2024,701466000.0000,894386000.0000,701466000.0000,5
350698,AN,"AutoNation, Inc.",2024,381600000.0000,1377400000.0000,396000000.0000,5
350852,CTBI,COMMUNITY TRUST BANCORP INC /KY/,2024,59228000.0000,81814000.0000,59228000.0000,5
354647,CVBF,CVB FINANCIAL CORP.,2024,152003000.0000,235425000.0000,152003000.0000,5
356171,TCBK,TriCo Bancshares,2024,64814000.0000,125419000.0000,68320000.0000,5
357173,OSBC,OLD SECOND BANCORP INC,2024,20044000.0000,67405000.0000,34012000.0000,5
357301,TRST,TrustCo Bank Corp NY,2024,52452000.0000,75234000.0000,61445000.0000,5
700565,FMBH,"FIRST MID BANCSHARES, INC.",2024,36600000.0000,72952000.0000,36600000.0000,5
700923,MYRG,MYR GROUP INC.,2024,31087000.0000,83381000.0000,31087000.0000,5
701347,CPF,Central Pacific Financial Corp,2024,37273000.0000,73928000.0000,59486000.0000,5
702165,NSC,NORFOLK SOUTHERN CORPORATION,2024,2013000000.0000,3270000000.0000,2666000000.0000,5
705432,SBSI,"Southside Bancshares, Inc.",2024,74138000.0000,105020000.0000,74138000.0000,5
706129,HBNC,"HORIZON BANCORP, INC.",2024,53117000.0000,93408000.0000,53117000.0000,5
707179,ONBPP,Old National Bancorp /IN/,2024,190830000.0000,428287000.0000,190830000.0000,5
708781,CASS,"CASS INFORMATION SYSTEMS, INC.",2024,25176000.0000,34904000.0000,30268000.0000,5
708955,FFBC,FIRST FINANCIAL BANCORP.,2024,155810000.0000,217612000.0000,172595000.0000,5
709337,FMNB,Farmers National Banc Corp.,2024,32569000.0000,60597000.0000,32569000.0000,5
711404,COO,"The Cooper Companies, Inc.",2024,139900000.0000,385800000.0000,139900000.0000,5
711669,CBAN,"COLONY BANKCORP, INC",2024,10211000.0000,21747000.0000,10211000.0000,4
712537,FCF,FIRST COMMONWEALTH FINANCIAL CORP /PA/,2024,73447000.0000,128181000.0000,107498000.0000,5
712771,CNOBP,"ConnectOne Bancorp, Inc.",2024,60352000.0000,125211000.0000,60352000.0000,5
714310,VLYPN,Valley National Bancorp,2024,261428000.0000,568851000.0000,261428000.0000,5
714395,GABC,"GERMAN AMERICAN BANCORP, INC.",2024,46529000.0000,81825000.0000,46529000.0000,5
714562,THFF,FIRST FINANCIAL CORPORATION,2023,29131000.0000,71109000.0000,29131000.0000,5
715579,ACNB,ACNB Corporation,2024,18394000.0000,35752000.0000,23721000.0000,5
717538,AROW,ARROW FINANCIAL CORPORATION,2024,36279000.0000,48799000.0000,36279000.0000,5
717720,VALU,"VALUE LINE, INC.",2024,12009000.0000,23822000.0000,14738000.0000,5
717806,FUSB,"FIRST US BANCSHARES, INC",2024,2707000.0000,8485000.0000,4566000.0000,5
718413,CMTV,Community Bancorp./VT,2024,1771905.0000,13431855.0000,1771905.0000,3
718937,STAA,STAAR Surgical Co,2024,4968000.0000,39665000.0000,4968000.0000,5
719220,STBA,"S&T BANCORP, INC.",2024,21040000.0000,135520000.0000,105334000.0000,5
719955,WSM,"WILLIAMS-SONOMA, INC.",2024,333684000.0000,1127904000.0000,333684000.0000,5
720005,RJF-PB,"RAYMOND JAMES FINANCIAL, INC.",2024,818000000.0000,1509000000.0000,857000000.0000,4
721994,LKFN,LAKELAND FINANCIAL CORP,2024,80411000.0000,103817000.0000,80411000.0000,5
723254,CTAS,Cintas Corporation,2024,842586000.0000,1235757000.0000,842586000.0000,5
724910,NVEC,NVE Corp,2024,11694384.0000,22694458.0000,14507936.0000,5
726601,CCBG,"Capital City Bank Group, Inc.",2024,26224000.0000,33412000.0000,26224000.0000,4
726854,CHCO,CITY HOLDING COMPANY,2024,70002000.0000,102071000.0000,70002000.0000,5
728535,JBHT,"J.B. HUNT TRANSPORT SERVICES, INC.",2024,489585000.0000,969351000.0000,489585000.0000,5
729986,UBSI,UNITED BANKSHARES INC/WV,2024,256342000.0000,379627000.0000,256342000.0000,5
730272,RGEN,REPLIGEN CORP,2024,16617000.0000,185959000.0000,16617000.0000,5
731766,UNH,UnitedHealth Group Incorporated,2024,11986000000.0000,20120000000.0000,11986000000.0000,5
732417,HBIA,Hills Bancorporation,2024,36767000.0000,47753000.0000,36767000.0000,5
736772,CCNEP,CNB FINANCIAL CORP/PA,2024,32743000.0000,63188000.0000,33719000.0000,5
737758,TTC,THE TORO COMPANY,2024,271939000.0000,443300000.0000,271939000.0000,5
743367,BHB,BAR HARBOR BANKSHARES,2024,22620000.0000,43557000.0000,32937000.0000,5
746598,BRC,BRADY CORP,2024,91060000.0000,129659000.0000,91060000.0000,5
750686,CAC,Camden National Corp,2024,53071000.0000,61439000.0000,53071000.0000,5
752714,MGRC,McGRATH RENTCORP,2024,79406000.0000,115138000.0000,79406000.0000,5
760498,BANFP,BANCFIRST CORPORATION,2024,99586000.0000,193100000.0000,125814000.0000,5
763532,LYTS,LSI INDUSTRIES INC.,2024,1749000.0000,6262000.0000,1749000.0000,4
763563,CHMG,CHEMUNG FINANCIAL CORPORATION,2024,19262000.0000,25000000.0000,19626000.0000,5
763744,LCII,LCI INDUSTRIES,2024,146509000.0000,394974000.0000,148551000.0000,4
763901,BPOPM,"POPULAR, INC.",2024,506622000.0000,1102641000.0000,618158000.0000,5
764038,SSB,SOUTHSTATE CORP,2024,120632000.0000,496049000.0000,178871000.0000,5
765207,FNLC,"FIRST BANCORP, INC",2024,23536000.0000,38990000.0000,23536000.0000,5
769520,MIDD,THE MIDDLEBY CORPORATION,2024,207294000.0000,436569000.0000,317152000.0000,5
771497,ABM,ABM INDUSTRIES INCORPORATED,2024,300000.0000,230400000.0000,97800000.0000,4
772406,CRUS,"CIRRUS LOGIC, INC.",2024,89991000.0000,326355000.0000,161995000.0000,5
776901,INDB,INDEPENDENT BANK CORP.,2024,120992000.0000,263813000.0000,121622000.0000,5
784539,EACO,EACO CORP,2024,7793000.0000,21185000.0000,9432000.0000,3
785786,PLXS,PLEXUS CORP.,2024,13040000.0000,138243000.0000,13040000.0000,4
789019,MSFT,MICROSOFT CORPORATION,2024,16571000000.0000,72738000000.0000,16571000000.0000,5
790051,CSL,CARLISLE COMPANIES INCORPORATED,2024,320100000.0000,924000000.0000,611100000.0000,5
792966,FMAO,"FARMERS & MERCHANTS BANCORP, INC.",2024,14949000.0000,32515000.0000,14949000.0000,5
793952,HOG,"Harley-Davidson, Inc.",2024,1298000.0000,741408000.0000,531451000.0000,5
794170,TOL,"Toll Brothers, Inc.",2024,446624000.0000,1286500000.0000,748151000.0000,4
795266,KBH,KB HOME,2024,170365000.0000,816666000.0000,170365000.0000,4
795403,WTS,WATTS WATER TECHNOLOGIES INC,2024,114300000.0000,251500000.0000,128000000.0000,5
796343,ADBE,ADOBE INC.,2024,2591000000.0000,4756000000.0000,2591000000.0000,5
798081,LAKE,"LAKELAND INDUSTRIES, INC.",2025,1873000.0000,5425000.0000,3281000.0000,4
798287,PAMT,PAMT CORP,2024,7900000.0000,90672000.0000,23994000.0000,5
798354,FI,FISERV INC,2024,893000000.0000,2530000000.0000,1187000000.0000,5
798941,FCNCP,FIRST CITIZENS BANCSHARES INC /DE/,2024,400313000.0000,1098000000.0000,400313000.0000,4
799292,MHO,"M/I HOMES, INC.",2024,107663000.0000,490662000.0000,107663000.0000,3
801337,WBS-PG,WEBSTER FINANCIAL CORPORATION,2024,220621000.0000,644283000.0000,360418000.0000,5
802481,PPC,PILGRIMS PRIDE CORP,2024,31000000.0000,745930000.0000,119418000.0000,4
803164,COFS,"ChoiceOne Financial Services, Inc.",2024,7171000.0000,23640000.0000,7333000.0000,5
805676,PRK,PARK NATIONAL CORPORATION,2024,102700000.0000,148351000.0000,110387000.0000,5
810136,PLAB,"PHOTRONICS, INC.",2024,29793000.0000,118786000.0000,42055000.0000,4
810958,CZNC,CITIZENS & NORTHERN CORPORATION,2024,4166000.0000,26618000.0000,5090000.0000,5
811589,FBNC,First Bancorp,2024,81477000.0000,146936000.0000,89289000.0000,5
813672,CDNS,"CADENCE DESIGN SYSTEMS, INC.",2024,345777000.0000,848952000.0000,345777000.0000,5
814586,LWAY,"LIFEWAY FOODS, INC.",2024,453000.0000,11367000.0000,453000.0000,5
815556,FAST,FASTENAL CO,2024,751900000.0000,1086900000.0000,751900000.0000,5
818677,SFDL,SECURITY FEDERAL CORPORATION,2024,3179000.0000,10190000.0000,7207221.0000,5
819793,AIN,ALBANY INTERNATIONAL CORP.,2024,82891000.0000,95762000.0000,82891000.0000,5
820313,APH,AMPHENOL CORPORATION,2024,1155000000.0000,1902300000.0000,1205000000.0000,5
822416,PHM,"PULTEGROUP, INC.",2024,1016700000.0000,2617317000.0000,1022023000.0000,5
822663,IPAR,"Interparfums, Inc.",2024,38219000.0000,120938000.0000,53793000.0000,3
822818,CLH,"CLEAN HARBORS, INC.",2024,65636000.0000,411744000.0000,65636000.0000,5
823277,CHSCO,CHS Inc.,2024,422439000.0000,1678762000.0000,775907000.0000,5
823768,WM,WASTE MANAGEMENT INC,2024,1496000000.0000,2238000000.0000,1925000000.0000,3
826154,ORRF,"ORRSTOWN FINANCIAL SERVICES, INC.",2024,12805000.0000,22037000.0000,12805000.0000,5
827054,MCHPP,MICROCHIP TECHNOLOGY INC,2024,255400000.0000,1285500000.0000,255400000.0000,5
828944,WSFS,WSFS FINANCIAL CORPORATION,2024,114774000.0000,222375000.0000,134743000.0000,5
830616,SCIA,"SCI ENGINEERED MATERIALS, INC.",2024,305351.0000,2193899.0000,305351.0000,5
832101,IEX,IDEX CORP,2024,377800000.0000,586900000.0000,410573000.0000,5
833079,MTH,MERITAGE HOMES CORPORATION,2024,227332000.0000,992192000.0000,227332000.0000,4
833640,POWI,"POWER INTEGRATIONS, INC.",2024,69984000.0000,170851000.0000,69984000.0000,5
835011,MGPI,"MGP Ingredients, Inc.",2024,37284000.0000,109462000.0000,37284000.0000,5
836147,MBCN,Middlefield Banc Corp.,2024,1041000.0000,17368000.0000,3011000.0000,5
836157,LNN,Lindsay Corporation,2024,2172000.0000,65469000.0000,20277000.0000,3
842023,TECH,BIO-TECHNE CORPORATION,2024,96072000.0000,272051000.0000,126150000.0000,5
842517,ISBA,Isabella Bank Corp,2024,10885000.0000,22238000.0000,14021000.0000,5
849145,HGBL,HERITAGE GLOBAL INC.,2024,3053000.0000,12475000.0000,3899000.0000,4
849869,SLGN,SILGAN HOLDINGS INC,2024,193814000.0000,340848000.0000,223994000.0000,5
851520,EXPO,"EXPONENT, INC.",2024,72254000.0000,102330000.0000,72254000.0000,5
853816,LSTR,"Landstar System, Inc.",2024,192106000.0000,430914000.0000,255281000.0000,5
857855,UCB-PI,"UNITED COMMUNITY BANKS, INC.",2024,164089000.0000,277472000.0000,166111000.0000,5
858877,CSCO,"CISCO SYSTEMS, INC.",2024,110000000.0000,11812000000.0000,110000000.0000,5
860730,HCA,"HCA Healthcare, Inc.",2024,3505000000.0000,5643000000.0000,3787000000.0000,5
861842,CATY,Cathay General Bancorp,2024,228860000.0000,360642000.0000,271885000.0000,5
862831,FIISP,"Financial Institutions, Inc.",2024,38332000.0000,56573000.0000,39526000.0000,5
864749,TRMB,Trimble Inc.,2023,118400000.0000,492700000.0000,118400000.0000,5
866787,AZO,AUTOZONE INC,2024,1337536000.0000,2429604000.0000,1337536000.0000,5
874716,IDXX,IDEXX LABORATORIES INC /DE,2024,377031000.0000,679089000.0000,377031000.0000,5
874866,CRVL,CORVEL CORPORATION,2024,35695000.0000,66410000.0000,35695000.0000,5
875320,VRTX,VERTEX PHARMACEUTICALS INC / MA,2024,1176800000.0000,3322000000.0000,2096896000.0000,5
876167,PRGS,PROGRESS SOFTWARE CORP /MA,2024,26400000.0000,95069000.0000,49670000.0000,5
876437,MTG,MGIC Investment Corp,2024,446093000.0000,865349000.0000,670097000.0000,5
879635,MPB,"MID PENN BANCORP, INC.",2024,10596000.0000,54806000.0000,10596000.0000,5
880117,JBSS,SANFILIPPO JOHN B & SON INC,2024,32500000.0000,61787000.0000,32500000.0000,5
880266,AGCO,AGCO CORP /DE,2024,125200000.0000,889600000.0000,285500000.0000,5
880417,CSBB,CSB BANCORP INC /OH,2024,2164000.0000,14756000.0000,2164000.0000,5
882184,DHI,HORTON D R INC /DE/,2024,1460300000.0000,5857500000.0000,1460300000.0000,5
883241,SNPS,"SYNOPSYS, INC",2024,432518000.0000,984594000.0000,432518000.0000,5
884269,APT,"ALPHA PRO TECH, LTD.",2024,1522000.0000,4189000.0000,3000000.0000,4
884614,UGI,UGI CORP /PA/,2024,256000000.0000,1073000000.0000,719000000.0000,4
885245,BKE,"BUCKLE, INC",2024,95608000.0000,254626000.0000,95608000.0000,5
885740,SPNS,SAPIENS INTERNATIONAL CORPORATION N.V.,2024,13785000.0000,52595000.0000,13785000.0000,5
886346,KAI,KADANT INC.,2024,52068000.0000,120928000.0000,60413000.0000,5
887343,COLB,"COLUMBIA BANKING SYSTEM, INC.",2024,154244000.0000,336752000.0000,172882000.0000,4
887733,CENTA,Central Garden & Pet Company,2024,92786000.0000,152152000.0000,123594000.0000,4
887936,FCN,"FTI CONSULTING, INC",2024,150611000.0000,235514000.0000,150611000.0000,5
889609,CPSS,"CONSUMER PORTFOLIO SERVICES, INC.",2024,5406000.0000,85983000.0000,14862000.0000,5
890066,GLBZ,GLEN BURNIE BANCORP,2024,135000.0000,435000.0000,135000.0000,5
890564,ASGN,ASGN Inc,2024,157700000.0000,268100000.0000,157700000.0000,5
893847,HWBK,"HAWTHORN BANCSHARES, INC.",2024,10714000.0000,20751000.0000,10714000.0000,5
894081,ATSG,"Air Transport Services Group, Inc.",2024,32115000.0000,198581000.0000,69285000.0000,3
894405,ARCB,ARCBEST CORPORATION,2024,39985000.0000,298209000.0000,67262000.0000,5
895447,SCVL,"Shoe Carnival, Inc.",2024,15991000.0000,110068000.0000,18933000.0000,4
895456,RCKY,"ROCKY BRANDS, INC.",2024,3605000.0000,20465000.0000,3605000.0000,4
896156,ETD,Ethan Allen Interiors Inc.,2024,8900000.0000,103280000.0000,36371000.0000,5
896878,INTU,INTUIT INC.,2024,1329000000.0000,2066000000.0000,1329000000.0000,5
897077,ALG,ALAMO GROUP INC.,2024,57804000.0000,101928000.0000,73486000.0000,3
898173,ORLY,O Reilly Automotive Inc,2024,1324487000.0000,2172650000.0000,1324487000.0000,5
898293,JBL,JABIL INC,2024,54000000.0000,996000000.0000,86330000.0000,4
900075,CPRT,"COPART, INC.",2024,417867000.0000,1090130000.0000,417867000.0000,5
903419,ALRS,ALERUS FINANCIAL CORP,2024,25866000.0000,40005000.0000,25866000.0000,4
906163,NVR,"NVR, Inc.",2024,797197000.0000,1725575000.0000,797197000.0000,5
906465,QCRH,"QCR HOLDINGS, INC.",2024,43120000.0000,99066000.0000,43120000.0000,5
907471,CASH,"PATHWARD FINANCIAL, INC",2024,4670000.0000,61324000.0000,4670000.0000,5
908315,WINA,WINMARK CORPORATION,2024,29823300.0000,39424900.0000,30125500.0000,5
909832,COST,COSTCO WHOLESALE CORP /NEW,2024,3134000000.0000,5844000000.0000,3134000000.0000,5
910329,MED,"Medifast, Inc.",2024,55789000.0000,143568000.0000,55789000.0000,5
910521,DECK,DECKERS OUTDOOR CORP,2024,114394000.0000,451949000.0000,114394000.0000,5
910679,WVFC,WVS Financial Corp.,2021,1325000.0000,2795000.0000,1347000.0000,5
911177,CWST,"Casella Waste Systems, Inc.",2024,6420000.0000,53079000.0000,6420000.0000,5
912562,ROCK,"GIBRALTAR INDUSTRIES, INC.",2024,63809000.0000,82406000.0000,63809000.0000,5
912767,UFPI,"UFP INDUSTRIES, INC.",2024,148598000.0000,692651000.0000,148598000.0000,5
913341,CFFI,C & F FINANCIAL CORPORATION,2024,18020000.0000,29159000.0000,18020000.0000,3
913760,SNEX,StoneX Group Inc.,2024,55500000.0000,207100000.0000,55500000.0000,3
914156,UFPT,"UFP TECHNOLOGIES, INC.",2024,13369000.0000,41789000.0000,14311000.0000,5
914475,NBIX,"NEUROCRINE BIOSCIENCES, INC.",2024,21100000.0000,154500000.0000,21100000.0000,5
916076,MLM,"MARTIN MARIETTA MATERIALS, INC.",2024,470000000.0000,867000000.0000,470000000.0000,5
916365,TSCO,TRACTOR SUPPLY CO /DE/,2024,532357000.0000,1088712000.0000,532357000.0000,5
916540,DAR,DARLING INGREDIENTS INC.,2024,101496000.0000,737690000.0000,101496000.0000,5
917520,IART,INTEGRA LIFESCIENCES HOLDINGS CORP,2024,50201000.0000,180550000.0000,60801000.0000,5
918646,EXP,EAGLE MATERIALS INC,2024,68860000.0000,374247000.0000,256632000.0000,5
920371,SSD,"Simpson Manufacturing Co., Inc.",2024,126633000.0000,333995000.0000,126633000.0000,5
920427,UNTY,"Unity Bancorp, Inc.",2024,5229000.0000,10287000.0000,5229000.0000,5
920760,LEN-B,LENNAR CORP /NEW/,2024,1695831000.0000,4614125000.0000,1695831000.0000,5
921557,RBCAA,"REPUBLIC BANCORP, INC.",2024,77852000.0000,91106000.0000,77852000.0000,5
923139,FFIC,FLUSHING FINANCIAL CORPORATION,2024,34674000.0000,76945000.0000,55090000.0000,5
923796,GEO,GEO GROUP INC,2024,77418000.0000,171813000.0000,145089000.0000,5
924805,FRHC,FREEDOM HOLDING CORP.,2024,7147000.0000,227494000.0000,7147000.0000,3
927003,AEIS,ADVANCED ENERGY INDUSTRIES INC,2024,64941000.0000,199660000.0000,147025000.0000,5
927066,DVA,DAVITA INC.,2024,159394000.0000,560400000.0000,159394000.0000,5
927628,COF-PN,CAPITAL ONE FINANCIAL CORP,2024,2714000000.0000,7360000000.0000,6015000000.0000,5
928465,DIT,AMCON DISTRIBUTING CO,2024,3202943.0000,11596393.0000,3202943.0000,4
930420,KFRC,Kforce Inc,2024,56039000.0000,75431000.0000,57980000.0000,5
931015,PII,POLARIS INC.,2024,124800000.0000,447100000.0000,335300000.0000,5
932696,NSIT,"INSIGHT ENTERPRISES, INC.",2024,159407000.0000,280608000.0000,163677000.0000,5
932781,FCCO,First Community Corporation,2024,1794000.0000,14613000.0000,2709000.0000,4
933036,UPBD,"UPBOUND GROUP, INC.",2024,8492000.0000,12357000.0000,8492000.0000,5
933974,AZTA,"Azenta, Inc.",2024,64853000.0000,2132859000.0000,116575000.0000,3
935036,ACIW,"ACI WORLDWIDE, INC.",2024,67062000.0000,142177000.0000,68921000.0000,5
936528,WAFDP,"WAFD, INC.",2024,173438000.0000,236330000.0000,203850000.0000,5
937098,TNET,"TRINET GROUP, INC.",2024,192000000.0000,355000000.0000,192000000.0000,4
937966,ASMLF,ASML HOLDING NV,2024,2591600000.0000,5624200000.0000,2591600000.0000,5
940942,HUBG,"HUB GROUP, INC.",2024,73559000.0000,356948000.0000,201740000.0000,5
942126,TAIT,TAITRON COMPONENTS INCORPORATED,2024,773000.0000,1845000.0000,773000.0000,5
943034,AATC,AUTOSCOPE TECHNOLOGIES CORP,2021,687000.0000,1063000.0000,687000.0000,4
943452,WAB,WESTINGHOUSE AIR BRAKE TECHNOLOGIES CORP,2024,294900000.0000,633000000.0000,294900000.0000,5
943819,RSMDF,ResMed Inc.,2024,315588000.0000,779437000.0000,315588000.0000,5
944148,CBZ,"CBIZ, INC.",2024,61570000.0000,105354000.0000,61570000.0000,5
944745,CIVB,"Civista Bancshares, Inc.",2024,14139000.0000,39427000.0000,14139000.0000,5
945841,POOL,POOL CORPORATION,2024,234461000.0000,748462000.0000,234461000.0000,5
946581,TTWO,"TAKE-TWO INTERACTIVE SOFTWARE, INC.",2024,173533000.0000,418000000.0000,173533000.0000,5
946673,BANR,BANNER CORPORATION,2024,28790000.0000,195378000.0000,28790000.0000,5
1000753,NSP,"Insperity, Inc.",2024,124080000.0000,179000000.0000,135413000.0000,5
1002047,NTAP,"NetApp, Inc.",2024,116000000.0000,937000000.0000,116000000.0000,5
1003935,NCSYF,NICE LTD.,2024,159338000.0000,265104000.0000,159338000.0000,5
1004434,MGRD,"AFFILIATED MANAGERS GROUP, INC.",2024,15700000.0000,1145900000.0000,243600000.0000,5
1004702,OCFCP,OceanFirst Financial Corp.,2024,63309000.0000,146603000.0000,71932000.0000,5
1005210,SPH,SUBURBAN PROPANE PARTNERS LP,2024,60758000.0000,139708000.0000,76534000.0000,5
1005284,OLED,UNIVERSAL DISPLAY CORPORATION,2024,58840000.0000,210061000.0000,58840000.0000,5
1005731,IDT,IDT CORPORATION,2024,134000.0000,27028000.0000,134000.0000,3
1006830,CBKM,"CONSUMERS BANCORP, INC.",2024,5527000.0000,10674000.0000,5566000.0000,5
1007273,BKSC,Bank of South Carolina Corporation,2022,4901825.0000,6460631.0000,5247063.0000,5
1010470,PROV,"PROVIDENT FINANCIAL HOLDINGS, INC.",2024,4417000.0000,8592000.0000,4417000.0000,5
1012019,RUSHB,"Rush Enterprises, Inc.",2024,114887000.0000,391382000.0000,139062000.0000,4
1012100,SEE,SEALED AIR CORP/DE,2024,193100000.0000,491600000.0000,193100000.0000,5
1013237,FDS,FACTSET RESEARCH SYSTEMS INC.,2024,267085000.0000,396917000.0000,267085000.0000,4
1013272,NWFL,NORWOOD FINANCIAL CORP,2024,14215000.0000,16759000.0000,14215000.0000,5
1013871,NRG,"NRG Energy, Inc",2024,268000000.0000,1221000000.0000,268000000.0000,4
1013880,TTEC,"TTEC Holdings, Inc.",2024,35817000.0000,103240000.0000,35817000.0000,5
1015328,WTFCP,Wintrust Financial Corp,2024,292990000.0000,509682000.0000,343166000.0000,4
1016281,CSV,"CARRIAGE SERVICES, INC.",2024,11645000.0000,41381000.0000,11645000.0000,5
1018399,EBTC,"ENTERPRISE BANCORP, INC.",2024,28881000.0000,42716000.0000,28881000.0000,5
1022079,DGX,Quest Diagnostics Incorporated,2024,736000000.0000,946000000.0000,736000000.0000,5
1023128,LAD,LITHIA MOTORS INC,2024,265700000.0000,1251000000.0000,265700000.0000,4
1023459,SLP,"Simulations Plus, Inc.",2024,8583000.0000,12483000.0000,8934812.0000,5
1024478,ROK,"Rockwell Automation, Inc.",2024,535500000.0000,932200000.0000,535500000.0000,4
1024795,HLIO,"HELIOS TECHNOLOGIES, INC.",2024,14200000.0000,98400000.0000,46730000.0000,5
1025835,EFSCP,ENTERPRISE FINANCIAL SERVICES CORP,2024,74384000.0000,203043000.0000,89217000.0000,5
1027664,ESLT,ELBIT SYSTEMS LTD.,2024,206738000.0000,275448000.0000,206738000.0000,4
1028918,PPBI,PACIFIC PREMIER BANCORP INC,2024,60351000.0000,283743000.0000,123340000.0000,5
1030469,OFG,OFG Bancorp,2024,53841000.0000,166239000.0000,84410000.0000,5
1031203,GPI,"Group 1 Automotive, Inc",2024,157800000.0000,751500000.0000,157800000.0000,5
1031308,BSY,"BENTLEY SYSTEMS, INCORPORATED",2024,93192000.0000,174780000.0000,142112000.0000,5
1034054,SBAC,SBA COMMUNICATIONS CORPORATION,2024,24104000.0000,461429000.0000,47451000.0000,5
1034670,ALV,"AUTOLIV, INC.",2024,187000000.0000,423000000.0000,190400000.0000,5
1035092,SHBI,"SHORE BANCSHARES, INC.",2024,3118000.0000,11228000.0000,3754000.0000,4
1035983,FIX,"Comfort Systems USA, Inc.",2024,112903000.0000,245947000.0000,112903000.0000,5
1037646,MTD,Mettler-Toledo International Inc.,2024,512611000.0000,872502000.0000,512611000.0000,5
1037868,AME,"AMETEK, Inc.",2024,777933000.0000,1159542000.0000,777933000.0000,5
1038773,SMBK,SMARTFINANCIAL INC.,2024,24332000.0000,43022000.0000,26548000.0000,5
1039684,OKE,"ONEOK, Inc.",2024,1151703000.0000,1722000000.0000,1151703000.0000,3
1041803,PSMT,"PriceSmart, Inc.",2024,22490000.0000,104534000.0000,22490000.0000,5
1043277,CHRW,"C.H. ROBINSON WORLDWIDE, INC.",2024,506421000.0000,940524000.0000,664505000.0000,5
1046025,HFWA,HERITAGE FINANCIAL CORP,2024,46570000.0000,81875000.0000,53057000.0000,5
1046050,TSBK,"TIMBERLAND BANCORP, INC.",2024,16721000.0000,23600000.0000,16721000.0000,5
1046102,RBA,"RB Global, Inc.",2024,17138000.0000,319700000.0000,17138000.0000,5
1047127,AMKR,"Amkor Technology, Inc.",2024,120888000.0000,765823000.0000,127092000.0000,5
1049606,CIX,COMPX INTERNATIONAL INC,2024,10323000.0000,20871000.0000,15325000.0000,5
1049782,BRKL,"BROOKLINE BANCORP, INC",2024,47635000.0000,109744000.0000,83062000.0000,5
1050140,DSGX,DESCARTES SYSTEMS GROUP INC,2025,31277000.0000,102236000.0000,31277000.0000,5
1050743,PGC,PEAPACK-GLADSTONE FINANCIAL CORPORATION,2024,26192000.0000,74246000.0000,44170000.0000,5
1050915,PWR,"Quanta Services, Inc.",2024,293346000.0000,491189000.0000,293346000.0000,5
1053352,HTBK,HERITAGE COMMERCE CORP,2024,35299000.0000,66555000.0000,35331000.0000,5
1053706,CRAI,"CRA International, Inc.",2024,20747000.0000,43619000.0000,22492000.0000,5
1056696,MANH,"MANHATTAN ASSOCIATES, INC.",2024,85762000.0000,128959000.0000,104690000.0000,5
1056943,PFIS,Peoples Financial Services Corp.,2024,24920000.0000,38090000.0000,24920000.0000,5
1057060,HZO,"MarineMax, Inc.",2024,35985000.0000,197989000.0000,39312000.0000,4
1057352,CSGP,"COSTAR GROUP, INC.",2024,227128000.0000,369500000.0000,238334000.0000,4
1057706,FBP,FIRST BANCORP.,2024,102273000.0000,305072000.0000,201608000.0000,5
1058090,CMG,"CHIPOTLE MEXICAN GRILL, INC.",2024,176553000.0000,899101000.0000,176553000.0000,5
1058867,GNTY,"GUARANTY BANCSHARES, INC.",2024,20596000.0000,40447000.0000,20596000.0000,5
1060391,RSG,"Republic Services, Inc.",2024,967237000.0000,1487586000.0000,1036898000.0000,5
1060955,ICLR,ICON PLC,2024,153185000.0000,505304000.0000,322656000.0000,5
1061219,EPDU,ENTERPRISE PRODUCTS PARTNERS L.P.,2024,3775000000.0000,5487000000.0000,4172400000.0000,5
1065837,SKX,SKECHERS USA INC,2024,98564000.0000,373028000.0000,301041000.0000,3
1068851,PB,"PROSPERITY BANCSHARES, INC.",2024,321812000.0000,524516000.0000,321812000.0000,5
1069202,LII,LENNOX INTERNATIONAL INC,2024,356300000.0000,497100000.0000,359000000.0000,5
1069394,FSI,"FLEXIBLE SOLUTIONS INTERNATIONAL, INC.",2024,1912392.0000,2775864.0000,1912392.0000,4
1069878,TREX,Trex Company Inc,2024,134572000.0000,184626000.0000,134572000.0000,5
1070296,FCAP,"FIRST CAPITAL, INC.",2024,2094000.0000,11902000.0000,2133000.0000,5
1070524,GCBC,"GREENE COUNTY BANCORP, INC.",2024,17484000.0000,30785000.0000,17484000.0000,5
1071236,RRBI,"Red River Bancshares, Inc.",2024,5696000.0000,36916000.0000,5696000.0000,5
1071739,CNC,CENTENE CORPORATION,2024,900000000.0000,1202000000.0000,900000000.0000,5
1074902,LCNB,LCNB CORP,2024,14845000.0000,22128000.0000,14845000.0000,5
1075706,CIZN,CITIZENS HOLDING COMPANY,2023,3704000.0000,7494000.0000,3704000.0000,5
1076930,NOVT,NOVANTA INC.,2024,40773000.0000,74051000.0000,49109000.0000,5
1077428,TCBIO,TEXAS CAPITAL BANCSHARES INC/TX,2024,66289000.0000,332478000.0000,196081000.0000,3
1080340,LOAN,"MANHATTAN BRIDGE CAPITAL, INC.",2024,4229378.0000,5476171.0000,4494510.0000,5
1083446,ASTH,"ASTRANA HEALTH, INC.",2024,10835000.0000,45171000.0000,10835000.0000,5
1084201,SVA,SINOVAC BIOTECH LTD,2023,21782000.0000,8467480000.0000,25807000.0000,3
1084765,RGP,"RESOURCES CONNECTION, INC.",2024,18826000.0000,67175000.0000,18826000.0000,5
1084961,ECPG,"ENCORE CAPITAL GROUP, INC.",2024,115886000.0000,194564000.0000,115886000.0000,5
1085913,FMCB,FARMERS & MERCHANTS BANCORP,2024,45527000.0000,75090000.0000,45527000.0000,5
1086222,AKAM,"AKAMAI TECHNOLOGIES, INC.",2024,298373000.0000,523672000.0000,298373000.0000,5
1086434,AUDC,AUDIOCODES LTD,2024,3977000.0000,28466000.0000,13493000.0000,5
1087456,UBOH,UNITED BANCSHARES INC/OH,2022,3846000.0000,13755000.0000,5521000.0000,5
1088856,CORT,CORCEPT THERAPEUTICS INC,2024,75410000.0000,101418000.0000,75410000.0000,5
1090009,SFST,"Southern First Bancshares, Inc.",2024,18328000.0000,29115000.0000,22289000.0000,5
1090425,LAMR,LAMAR ADVERTISING CO/NEW,2024,243386000.0000,438647000.0000,305232000.0000,5
1090727,UPS,"United Parcel Service, Inc.",2024,1343000000.0000,11548000000.0000,4791000000.0000,5
1091667,CHTR,"Charter Communications, Inc.",2024,1230000000.0000,5055000000.0000,1230000000.0000,5
1092570,FULO,FULLNET COMMUNICATIONS INC,2023,267083.0000,892977.0000,267083.0000,5
1092699,SPSC,"SPS COMMERCE, INC.",2024,23872000.0000,55134000.0000,23872000.0000,5
1093672,PEBK,"Peoples Bancorp of North Carolina, Inc.",2024,11357000.0000,16123000.0000,13382000.0000,5
1094285,TDY,TELEDYNE TECHNOLOGIES INC,2024,333800000.0000,788600000.0000,333800000.0000,5
1097864,ON,ON SEMICONDUCTOR CORP,2024,211700000.0000,1902200000.0000,627400000.0000,5
1098151,FDBC,FIDELITY D & D BANCORP INC,2024,2528000.0000,18210000.0000,2528000.0000,4
1104657,MTRN,MATERION CORPORATION,2024,15462000.0000,85990000.0000,21044000.0000,4
1107843,QLYS,"QUALYS, INC.",2024,57304000.0000,107992000.0000,57304000.0000,5
1109138,CAMT,Camtek Ltd.,2024,18731000.0000,79949000.0000,18731000.0000,5
1109345,NVMI,NOVA LTD.,2024,35171000.0000,140213000.0000,54375000.0000,5
1109354,BRKR,BRUKER CORPORATION,2024,157800000.0000,296600000.0000,179700000.0000,5
1114927,FNRN,First Northern Community Bancorp,2024,12161000.0000,21554000.0000,12551000.0000,5
1115055,PNFPP,"PINNACLE FINANCIAL PARTNERS, INC.",2024,28356000.0000,560742000.0000,359440000.0000,5
1120193,NDAQ,"Nasdaq, Inc.",2024,458000000.0000,1125000000.0000,458000000.0000,5
1121788,GRMN,GARMIN LTD,2024,694080000.0000,973585000.0000,694080000.0000,5
1122976,AVNT,AVIENT CORP,2024,131600000.0000,703100000.0000,159800000.0000,5
1127371,CWBC,Community West Bancshares,2024,20347000.0000,26645000.0000,21289000.0000,5
1128361,HOPE,"HOPE BANCORP, INC.",2024,111515000.0000,218277000.0000,189589000.0000,5
1128928,FLO,FLOWERS FOODS INC,2024,152318000.0000,228394000.0000,157160000.0000,5
1129155,MPX,MARINE PRODUCTS CORPORATION,2024,19444000.0000,40347000.0000,28488000.0000,4
1133421,NOC,NORTHROP GRUMMAN CORP /DE/,2024,2248000000.0000,4896000000.0000,3229000000.0000,5
1137547,UBFO,UNITED SECURITY BANCSHARES,2024,4007000.0000,19796000.0000,4007000.0000,5
1137789,STX,Seagate Technology Holdings plc,2024,1004000000.0000,1649000000.0000,1182000000.0000,5
1138118,CBRE,"CBRE GROUP, INC.",2024,751989000.0000,1407000000.0000,1063219000.0000,3
1142417,NXST,"NEXSTAR MEDIA GROUP, INC.",2024,230259000.0000,971000000.0000,389477000.0000,5
1142750,AMN,"AMN HEALTHCARE SERVICES, INC.",2024,70665000.0000,444050000.0000,141741000.0000,5
1144967,HDB,HDFC BANK LIMITED,2024,3452500000.0000,7471400000.0000,3452500000.0000,5
1156039,ELV,"Elevance Health, Inc.",2024,3750000000.0000,5894000000.0000,3750000000.0000,5
1156375,CME,CME GROUP INC.,2024,1962200000.0000,3226200000.0000,1962200000.0000,5
1157408,LRN,"Stride, Inc.",2024,24506000.0000,107130000.0000,27620000.0000,5
1157647,WNEB,"Western New England Bancorp, Inc.",2024,11215000.0000,25887000.0000,16408000.0000,5
1159152,JHIUF,JAMES HARDIE INDUSTRIES plc,2024,146100000.0000,459100000.0000,146100000.0000,4
1163370,NRIM,"NORTHRIM BANCORP, INC.",2024,4062000.0000,30741000.0000,4062000.0000,3
1163389,NWPP,"New Peoples Bankshares, Inc.",2024,46000.0000,7184000.0000,406000.0000,5
1163609,SDSYA,"South Dakota Soybean Processors, LLC",2024,10979585.0000,67464101.0000,25877345.0000,4
1163668,SPFI,"South Plains Financial, Inc.",2024,29220000.0000,58240000.0000,29220000.0000,5
1168455,PLBC,Plumas Bancorp,2024,13992000.0000,26444000.0000,13992000.0000,4
1169770,BANC-PF,"BANC OF CALIFORNIA, INC.",2024,12574000.0000,423613000.0000,45472000.0000,5
1171155,RLGT,"RADIANT LOGISTICS, INC.",2024,2889000.0000,20595000.0000,16346000.0000,5
1175454,CPAY,"Corpay, Inc.",2024,704216000.0000,954327000.0000,811483000.0000,5
1177609,FIVE,"Five Below, Inc.",2024,123361000.0000,261528000.0000,149645000.0000,4
1177702,SAIA,"SAIA, INC.",2024,104981000.0000,357422000.0000,104981000.0000,4
1178970,PFS,"PROVIDENT FINANCIAL SERVICES, INC.",2024,96951000.0000,175648000.0000,118387000.0000,5
1185348,PRAA,"PRA Group, Inc.",2024,65563000.0000,117147000.0000,65563000.0000,5
1228454,BCBP,BCB BANCORP INC,2024,5451000.0000,45579000.0000,5451000.0000,5
1237831,GMED,"GLOBUS MEDICAL, INC.",2024,102285000.0000,190169000.0000,156474000.0000,5
1258602,NNI,"NELNET, INC",2024,141803000.0000,406899000.0000,227913000.0000,5
1262823,WLK,Westlake Corporation,2024,330000000.0000,2247000000.0000,996000000.0000,5
1275101,BOTJ,"BANK OF THE JAMES FINANCIAL GROUP, INC.",2024,4980000.0000,8704000.0000,5605000.0000,5
1277902,MVBF,MVB Financial Corp,2024,12003000.0000,15047000.0000,12003000.0000,4
1278021,MKTX,MARKETAXESS HOLDINGS INC.,2024,172852000.0000,250224000.0000,172852000.0000,5
1280452,MPWR,"MONOLITHIC POWER SYSTEMS, INC.",2024,105268000.0000,437672000.0000,105268000.0000,5
1282637,NEU,NEWMARKET CORP,2024,190908000.0000,279538000.0000,234734000.0000,5
1284812,CNS,"Cohen & Steers, Inc.",2024,76584000.0000,171042000.0000,113896000.0000,5
1288770,XTGRF,XTRA-GOLD RESOURCES CORP,2023,355855.0000,835976.0000,355855.0000,5
1289308,ENS,EnerSys,2024,119594000.0000,143911000.0000,119594000.0000,4
1295401,TBBK,"The Bancorp, Inc.",2024,51559000.0000,130213000.0000,88677000.0000,4
1297989,EXLS,"EXLSERVICE HOLDINGS, INC.",2024,56726000.0000,142968000.0000,56726000.0000,5
1302215,HLI,"Houlihan Lokey, Inc.",2024,29682000.0000,437751000.0000,29682000.0000,5
1306830,CE,CELANESE CORPORATION,2024,852000000.0000,1894000000.0000,1207000000.0000,5
1307954,HUN,Huntsman Corporation,2024,337000000.0000,460000000.0000,337000000.0000,5
1308208,ULH,"UNIVERSAL LOGISTICS HOLDINGS, INC.",2024,37586000.0000,168632000.0000,52178000.0000,5
1308547,DLB,"DOLBY LABORATORIES, INC.",2024,41746000.0000,184087000.0000,41746000.0000,5
1316835,BLDR,"BUILDERS FIRSTSOURCE, INC.",2024,205191000.0000,2749369000.0000,205191000.0000,5
1318220,WCN,"Waste Connections, Inc.",2024,204677000.0000,835662000.0000,546871000.0000,5
1325618,IRMD,IRADIMED CORPORATION,2024,6303450.0000,17192776.0000,6303450.0000,5
1329394,SIMO,Silicon Motion Technology Corporation,2023,64398000.0000,200002000.0000,74955000.0000,5
1334036,CROX,"CROCS, INC.",2024,50437000.0000,540159000.0000,50437000.0000,5
1338940,PERI,Perion Network Ltd.,2024,8121000.0000,97479000.0000,8121000.0000,5
1341317,BWBBP,Bridgewater Bancshares Inc,2024,26920000.0000,53392000.0000,26920000.0000,4
1341318,LSBK,"LAKE SHORE BANCORP, INC.",2024,898000.0000,4820000.0000,898000.0000,4
1341439,ORCL,Oracle Corporation,2024,3587000000.0000,6717000000.0000,3587000000.0000,5
1352010,EPAM,"EPAM SYSTEMS, INC.",2024,240256000.0000,419416000.0000,240256000.0000,5
1360565,WFCF,"WHERE FOOD COMES FROM, INC.",2024,1345000.0000,2152000.0000,1345000.0000,5
1361538,PRIM,Primoris Services Corporation,2024,77461000.0000,133021000.0000,77461000.0000,3
1364479,HRI,HERC HOLDINGS INC,2024,47500000.0000,330000000.0000,69100000.0000,5
1367859,CZWI,"CITIZENS COMMUNITY BANCORP, INC.",2024,9463000.0000,13059000.0000,9463000.0000,5
1368519,NOA,North American Construction Group Ltd.,2024,36878000.0000,63141000.0000,36878000.0000,5
1371489,III,Information Services Group Inc.,2024,2755000.0000,6154000.0000,3341000.0000,5
1375365,SMCI,"SUPER MICRO COMPUTER, INC.",2024,46165000.0000,285163000.0000,46165000.0000,3
1377789,AVNW,"AVIAT NETWORKS, INC.",2024,257000.0000,21160000.0000,1845000.0000,4
1378992,BERY,"Berry Global Group, Inc.",2024,404000000.0000,766000000.0000,496000000.0000,5
1383312,BR,"BROADRIDGE FINANCIAL SOLUTIONS, INC.",2024,427900000.0000,539100000.0000,427900000.0000,5
1383650,CQP,"CHENIERE ENERGY PARTNERS, L.P.",2024,1175000000.0000,2498000000.0000,1274000000.0000,5
1393612,DFS,DISCOVER FINANCIAL SERVICES,2024,1125000000.0000,4316000000.0000,2742000000.0000,5
1397187,LULU,lululemon athletica inc.,2024,483801000.0000,854800000.0000,483801000.0000,5
1397911,LPLA,LPL Financial Holdings Inc.,2024,439459000.0000,845702000.0000,439459000.0000,5
1398659,G,GENPACT LIMITED,2024,282019000.0000,353404000.0000,282019000.0000,5
1402057,CDW,CDW CORP,2024,643000000.0000,1114500000.0000,643000000.0000,5
1402436,SSNC,"SS&C TECHNOLOGIES HOLDINGS, INC.",2024,103200000.0000,650200000.0000,103200000.0000,5
1403475,BMRC,Bank of Marin Bancorp,2024,30242000.0000,46586000.0000,32622000.0000,3
1403568,ULTA,"ULTA BEAUTY, INC.",2024,175835000.0000,1242408000.0000,658559000.0000,5
1405495,IDCC,"INTERDIGITAL, INC.",2024,20928000.0000,93693000.0000,65031000.0000,5
1408198,MSCI,MSCI Inc.,2024,507885000.0000,870573000.0000,507885000.0000,5
1408710,FN,Fabrinet,2024,84167000.0000,200380000.0000,84167000.0000,5
1412665,MOFG,"MIDWESTONE FINANCIAL GROUP, INC.",2024,6623000.0000,60835000.0000,30351000.0000,5
1413447,NXPI,NXP Semiconductors N.V.,2024,52000000.0000,2787000000.0000,2208000000.0000,5
1413837,FFWM,FIRST FOUNDATION INC.,2024,8976000.0000,30836000.0000,8976000.0000,5
1413855,AIFU,FANHUA INC.,2023,14538000.0000,39504000.0000,27659000.0000,5
1418135,KDP,Keurig Dr Pepper Inc.,2024,586000000.0000,1436000000.0000,586000000.0000,5
1419612,SEDG,"SOLAREDGE TECHNOLOGIES, INC",2024,128833000.0000,441725000.0000,128833000.0000,4
1423869,PCB,PCB Bancorp,2024,16175000.0000,34987000.0000,24301000.0000,4
1424182,BNL,"BROADSTONE NET LEASE, INC.",2024,51181000.0000,122115000.0000,69375000.0000,5
1424929,FOXF,Fox Factory Holding Corp.,2024,84040000.0000,205278000.0000,84040000.0000,5
1431567,OVLY,OAK VALLEY BANCORP,2024,12489000.0000,30848000.0000,12489000.0000,5
1433642,HLNE,Hamilton Lane Inc,2024,17341000.0000,145986000.0000,17341000.0000,5
1434728,GWRS,"GLOBAL WATER RESOURCES, INC.",2024,1105000.0000,7982000.0000,2224000.0000,4
1437226,MHH,"MASTECH DIGITAL, INC.",2024,6691000.0000,8712000.0000,6691000.0000,4
1437479,ENBP,ENB Financial Corp,2024,2165000.0000,12375000.0000,2603000.0000,5
1437958,CCB,COASTAL FINANCIAL CORPORATION,2024,13201000.0000,40625000.0000,13201000.0000,5
1442145,VRSK,"VERISK ANALYTICS, INC.",2024,449900000.0000,953900000.0000,598700000.0000,5
1448893,ESNT,ESSENT GROUP LTD.,2024,413041000.0000,831353000.0000,467363000.0000,5
1449794,EMYB,"Embassy Bancorp, Inc.",2024,10879000.0000,12656000.0000,10879000.0000,5
1459200,ALRM,"ALARM.COM HOLDINGS, INC.",2024,8807000.0000,14416000.0000,9010000.0000,5
1466026,MSBIP,"Midland States Bancorp, Inc.",2023,16056000.0000,81317000.0000,16056000.0000,5
1466258,TT,TRANE TECHNOLOGIES PLC,2024,854900000.0000,1756500000.0000,1337600000.0000,5
1467373,ACN,Accenture plc,2024,4059907000.0000,6877169000.0000,4059907000.0000,5
1467808,CORBF,Global Cord Blood Corp,2022,37799000.0000,79041000.0000,37799000.0000,5
1467858,GM,GENERAL MOTORS COMPANY,2024,6427000000.0000,9934000000.0000,8014000000.0000,5
1468328,ADUS,Addus HomeCare Corp,2024,16433000.0000,46025000.0000,16433000.0000,5
1474735,GNRC,GENERAC HOLDINGS INC.,2024,238257000.0000,399502000.0000,238257000.0000,4
1477641,DQ,DAQO NEW ENERGY CORP.,2023,29524000.0000,748924000.0000,92841128.0000,3
1488917,ELMD,"ELECTROMED, INC.",2024,1980330.0000,3166000.0000,1980330.0000,3
1489096,THR,"THERMON GROUP HOLDINGS, INC.",2024,877000.0000,20092000.0000,3042000.0000,5
1493225,NFBK,"Northfield Bancorp, Inc.",2024,36988000.0000,61119000.0000,40079000.0000,3
1494259,CARG,"CarGurus, Inc.",2024,42146000.0000,84387000.0000,65170000.0000,5
1501570,VBTX,"Veritex Holdings, Inc.",2024,39341000.0000,146315000.0000,39341000.0000,4
1505732,BWFG,"Bankwell Financial Group, Inc.",2024,5904000.0000,36663000.0000,17433000.0000,4
1506307,EP-PC,"KINDER MORGAN, INC.",2024,119000000.0000,2548000000.0000,1609000000.0000,5
1511737,UI,UBIQUITI INC.,2024,196290000.0000,378657000.0000,196290000.0000,5
1514743,IROQ,"IF Bancorp, Inc.",2024,3558000.0000,4660000.0000,3558000.0000,5
1516912,OBK,"ORIGIN BANCORP, INC.",2024,36357000.0000,87715000.0000,51605000.0000,4
1517302,APAM,Artisan Partners Asset Management Inc.,2024,156536000.0000,206755000.0000,158309000.0000,5
1519401,RM,Regional Management Corp.,2024,26730000.0000,51224000.0000,35345000.0000,5
1530249,FSBW,"FS BANCORP, INC.",2024,22717000.0000,29649000.0000,22717000.0000,3
1531031,ESQ,"Esquire Financial Holdings, Inc.",2024,8734000.0000,28518000.0000,8734000.0000,5
1531152,BJ,"BJ’S WHOLESALE CLUB HOLDINGS, INC.",2024,127261000.0000,513177000.0000,127261000.0000,5
1532961,NVEE,"NV5 Global, Inc.",2024,21018000.0000,49973000.0000,26856000.0000,5
1534675,TGLS,TECNOGLASS INC.,2024,23836000.0000,155743000.0000,24535000.0000,5
1538263,HTB,"HOMETRUST BANCSHARES, INC.",2024,7790000.0000,35653000.0000,8235000.0000,3
1547459,NGVC,"Natural Grocers by Vitamin Cottage, Inc.",2024,9416000.0000,21365000.0000,12661000.0000,5
1547903,NMIH,"NMI Holdings, Inc.",2024,107927000.0000,292902000.0000,107927000.0000,5
1549346,SSTK,"Shutterstock, Inc.",2024,20108000.0000,76103000.0000,54687000.0000,5
1549966,SAMG,Silvercrest Asset Management Group Inc.,2024,8646000.0000,18828000.0000,9630000.0000,5
1551152,ABBV,ABBVIE INC.,2024,4616000000.0000,11836000000.0000,5687000000.0000,5
1552797,DKL,"DELEK LOGISTICS PARTNERS, LP",2024,90182000.0000,159052000.0000,90182000.0000,4
1554859,SMLR,"SEMLER SCIENTIFIC, INC.",2024,14007000.0000,20583000.0000,15084000.0000,5
1555280,ZTS,Zoetis Inc.,2024,1428000000.0000,2114000000.0000,1428000000.0000,5
1556898,THPTF,"Techpoint, Inc.",2024,1885000.0000,17809000.0000,1885000.0000,5
1559865,EVTC,"EVERTEC, Inc.",2024,86270000.0000,239009000.0000,86270000.0000,5
1561680,TPH,"Tri Pointe Homes, Inc.",2024,269911000.0000,576060000.0000,269911000.0000,5
1562476,TMHC,Taylor Morrison Home Corp,2024,206364000.0000,1052800000.0000,206364000.0000,5
1570827,VCTR,"Victory Capital Holdings, Inc.",2024,63704000.0000,275511000.0000,63704000.0000,5
1571123,SAIC,Science Applications International Corporation,2025,137000000.0000,300000000.0000,137000000.0000,5
1572334,VABK,VIRGINIA NATIONAL BANKSHARES CORP,2024,6689000.0000,19263000.0000,6689000.0000,5
1575515,SFM,"Sprouts Farmers Market, Inc.",2024,149629000.0000,261164000.0000,158536000.0000,5
1578732,MMI,"MARCUS & MILLICHAP, INC.",2024,42838000.0000,104225000.0000,87257000.0000,5
1580905,IBP,"Installed Building Products, Inc.",2024,54748000.0000,223400000.0000,54748000.0000,5
1585521,ZM,"Zoom Communications, Inc.",2025,7584000.0000,103711000.0000,7584000.0000,5
1586454,PMHG,Prime Meridian Holding Co,2023,3542000.0000,9681000.0000,4042000.0000,4
1590955,PAYC,"Paycom Software, Inc.",2024,137065000.0000,281400000.0000,137065000.0000,5
1590976,MBUU,"MALIBU BOATS, INC.",2024,27613000.0000,157632000.0000,27613000.0000,5
1591698,PCTY,PAYLOCITY HOLDING CORPORATION,2024,38598000.0000,90777000.0000,38598000.0000,5
1600438,GMS,GMS INC.,2024,23381000.0000,273442000.0000,62971000.0000,5
1604665,WLKP,Westlake Chemical Partners LP,2024,49347000.0000,64173000.0000,49347000.0000,5
1606757,KE,"KIMBALL ELECTRONICS, INC.",2024,16752000.0000,31253000.0000,16752000.0000,3
1609065,PBHC,"PATHFINDER BANCORP, INC.",2024,4276000.0000,9293000.0000,4276000.0000,5
1610250,BOOT,"Boot Barn Holdings, Inc.",2024,28879000.0000,192450000.0000,28879000.0000,4
1613103,MDT,Medtronic plc,2024,3104000000.0000,5039000000.0000,3104000000.0000,5
1617242,KRNY,KEARNY FINANCIAL CORP.,2024,19596000.0000,67547000.0000,19596000.0000,5
1624322,BFST,"BUSINESS FIRST BANCSHARES, INC.",2024,14091000.0000,54255000.0000,14091000.0000,5
1626115,PJT,PJT Partners Inc.,2024,27170000.0000,90534000.0000,27170000.0000,5
1632127,CABO,"Cable One, Inc.",2024,164760000.0000,213057000.0000,164760000.0000,5
1633917,PYPL,"PayPal Holdings, Inc.",2024,2057000000.0000,2419000000.0000,2057000000.0000,5
1633931,BLD,TopBuild Corp,2024,134752000.0000,555989000.0000,134752000.0000,5
1636222,WING,WINGSTOP INC.,2024,20476000.0000,52947000.0000,21719000.0000,5
1641601,RVRF,RIVER FINANCIAL CORPORATION,2024,11114000.0000,26739000.0000,11114000.0000,5
1649749,FBK,FB FINANCIAL CORPORATION,2024,63621000.0000,124555000.0000,80236000.0000,4
1650729,SITE,"SiteOne Landscape Supply, Inc.",2024,73900000.0000,245400000.0000,73900000.0000,5
1652044,GOOG,ALPHABET INC.,2024,30736000000.0000,59972000000.0000,30736000000.0000,5
1652535,ICHR,"ICHOR HOLDINGS, LTD.",2024,10729000.0000,72804000.0000,57883000.0000,4
1657642,SLBK,"SKYLINE BANKSHARES, INC.",2024,5869000.0000,9700000.0000,7155000.0000,5
1666138,ATKR,Atkore Inc.,2024,136645000.0000,913434000.0000,136645000.0000,5
1668397,MEDP,"Medpace Holdings, Inc.",2024,73185000.0000,245368000.0000,73185000.0000,5
1669162,KNSL,"KINSALE CAPITAL GROUP, INC.",2024,33787000.0000,159114000.0000,33787000.0000,5
1670592,YETI,"YETI Holdings, Inc.",2024,50434000.0000,89693000.0000,57763000.0000,5
1672013,GOLF,Acushnet Holdings Corp.,2024,96006000.0000,199278000.0000,99872000.0000,4
1673985,ASIX,ADVANSIX INC.,2024,41347000.0000,171886000.0000,66244000.0000,4
1674910,VVV,VALVOLINE INC,2024,166000000.0000,424300000.0000,166000000.0000,5
1677250,ZTOEF,ZTO Express (Cayman) Inc.,2024,660876000.0000,1207901000.0000,660876000.0000,3
1682220,SCCG,SACHEM CAPITAL CORP.,2024,6196011.0000,15899000.0000,6196011.0000,3
1692063,SNDR,"Schneider National, Inc.",2024,147000000.0000,457800000.0000,268900000.0000,5
1692376,VEL,"Velocity Financial, Inc.",2024,7631000.0000,32211000.0000,7631000.0000,3
1693577,MNSBP,"MainStreet Bancshares, Inc.",2024,13950000.0000,26674000.0000,13950000.0000,5
1702750,BY,"Byline Bancorp, Inc.",2024,37467000.0000,87954000.0000,41193000.0000,5
1710155,EYE,"National Vision Holdings, Inc.",2024,23653000.0000,42122000.0000,23653000.0000,5
1711269,EVRG,"Evergy, Inc.",2024,535800000.0000,752700000.0000,535800000.0000,3
1722010,OPBK,OP BANCORP,2024,13127000.0000,33310000.0000,14253000.0000,3
1723596,CLBK,"COLUMBIA FINANCIAL, INC.",2024,11784000.0000,86173000.0000,11784000.0000,5
1729149,VMD,"Viemed Healthcare, Inc.",2024,1958000.0000,6222000.0000,1958000.0000,5
1730984,BCML,BAYCOM CORP,2024,13726000.0000,23730000.0000,14493000.0000,4
1739445,ACA,"Arcosa, Inc.",2024,69600000.0000,245800000.0000,75700000.0000,5
1743102,JFIN,Jiayin Group Inc.,2023,38757000.0000,182766000.0000,75805000.0000,3
1745916,PFSI,"PennyMac Financial Services, Inc.",2024,87694000.0000,475507000.0000,87694000.0000,3
1746109,BFC,Bank First Corporation,2024,25456000.0000,45214000.0000,25456000.0000,5
1746129,BSVN,BANK7 CORP.,2024,8225000.0000,29638000.0000,25000000.0000,5
1746618,RVLV,"REVOLVE GROUP, INC.",2024,30685000.0000,58697000.0000,30685000.0000,5
1747068,MCBS,"METROCITY BANKSHARES, INC.",2024,36394000.0000,62602000.0000,41334000.0000,4
1750735,MRBK,Meridian Corp,2024,10481000.0000,13243000.0000,10481000.0000,4
1758730,TW,Tradeweb Markets Inc.,2024,12828000.0000,309338000.0000,12828000.0000,5
1761312,PLMR,"Palomar Holdings, Inc.",2024,6257000.0000,52170000.0000,18219000.0000,5
1767258,XPEL,"XPEL, INC.",2024,8712534.0000,41381000.0000,8712534.0000,5
1769617,HONE,"HarborOne Bancorp, Inc.",2024,11394000.0000,45589000.0000,11394000.0000,3
1769663,PBFS,"Pioneer Bancorp, Inc./MD",2024,1077000.0000,21948000.0000,19016000.0000,5
1771515,GO,Grocery Outlet Holding Corp.,2024,15419000.0000,65052000.0000,15868000.0000,5
1786431,REYN,REYNOLDS CONSUMER PRODUCTS INC.,2024,176000000.0000,258000000.0000,176000000.0000,5
1789832,HESM,Hess Midstream LP,2024,24000000.0000,83900000.0000,70800000.0000,5
1811074,TPL,Texas Pacific Land Corporation,2024,176049000.0000,446362000.0000,209736000.0000,3
1817358,ASO,"Academy Sports and Outdoors, Inc.",2024,21442000.0000,628001000.0000,21442000.0000,4
1819796,GCMGW,GCM Grosvenor Inc.,2024,4049000.0000,19820000.0000,7507000.0000,5
1823406,AFBI,"Affinity Bancshares, Inc.",2024,355000.0000,6448000.0000,355000.0000,5
1823608,AMAL,Amalgamated Financial Corp.,2024,44654000.0000,81477000.0000,44654000.0000,5
